idx,cycle,psram_free,psram_largest,psram_min_ever,iram_free,iram_largest,iram_min_ever,int_free,int_largest,int_min_ever,hwm_console_repl,hwm_IDLE0,hwm_IDLE1,hwm_ipc0,hwm_ipc1
0,0,8385920,8257536,8379144,300936,270336,293184,364999,270336,357247,2168,756,752,600,596
1,10,8385920,8257536,8379144,300936,270336,293096,364999,270336,357159,2168,756,752,600,596
2,20,8385920,8257536,8379144,300936,270336,293096,364999,270336,357159,2168,756,752,600,596
3,30,8385920,8257536,8379144,300936,270336,293096,364999,270336,357159,2168,756,752,600,596
4,40,8385920,8257536,8379144,300936,270336,293096,364999,270336,357159,2168,756,752,600,596
5,50,8385920,8257536,8379144,300936,270336,293096,364999,270336,357159,2168,756,752,600,596
6,60,8385920,8257536,8379144,300936,270336,293096,364999,270336,357159,2168,756,752,600,596
7,70,8385920,8257536,8379144,300936,270336,293096,364999,270336,357159,2168,756,752,600,596
8,80,8385920,8257536,8379144,300936,270336,293096,364999,270336,357159,2168,756,752,600,596
9,90,8385920,8257536,8379144,300936,270336,293096,364999,270336,357159,2168,756,752,600,596
10,100,8385920,8257536,8379144,300936,270336,293096,364999,270336,357159,2168,756,752,600,596
11,110,8385920,8257536,8379144,300936,270336,293096,364999,270336,357159,2168,756,752,600,596
12,120,8385920,8257536,8379144,300936,270336,293096,364999,270336,357159,2168,756,752,600,596
13,130,8385920,8257536,8379144,300936,270336,293096,364999,270336,357159,2168,756,752,600,596
14,140,8385920,8257536,8379144,300936,270336,293096,364999,270336,357159,2168,756,752,600,596
15,150,8385920,8257536,8379144,300936,270336,293096,364999,270336,357159,2168,756,752,600,596
16,160,8385920,8257536,8379144,300936,270336,293096,364999,270336,357159,2168,756,752,600,596
17,170,8385920,8257536,8379144,300936,270336,293096,364999,270336,357159,2168,756,752,600,596
18,180,8385920,8257536,8379144,300936,270336,293096,364999,270336,357159,2168,756,752,600,596
19,190,8385920,8257536,8379144,300936,270336,293096,364999,270336,357159,2168,756,752,600,596
20,200,8385920,8257536,8379144,300936,270336,293096,364999,270336,357159,2088,756,752,600,596
21,210,8385920,8257536,8379144,300936,270336,293096,364999,270336,357159,2088,756,752,600,596
22,220,8385920,8257536,8379144,300936,270336,293096,364999,270336,357159,2088,756,752,600,596
23,230,8385920,8257536,8379144,300936,270336,293096,364999,270336,357159,2088,756,752,600,596
24,240,8385920,8257536,8379144,300936,270336,293096,364999,270336,357159,2088,756,752,600,596
25,250,8385920,8257536,8379144,300936,270336,293096,364999,270336,357159,2088,756,752,600,596
26,260,8385920,8257536,8379144,300936,270336,293096,364999,270336,357159,2088,756,752,600,596
27,270,8385920,8257536,8379144,300936,270336,293096,364999,270336,357159,2088,756,752,600,596
28,280,8385920,8257536,8379144,300936,270336,293096,364999,270336,357159,2088,756,752,600,596
29,290,8385920,8257536,8379144,300936,270336,293096,364999,270336,357159,2088,756,752,600,596
30,300,8385920,8257536,8379144,300936,270336,293096,364999,270336,357159,2088,756,752,600,596
31,310,8385920,8257536,8379144,300936,270336,293096,364999,270336,357159,2088,756,752,600,596
32,320,8385920,8257536,8379144,300936,270336,293096,364999,270336,357159,2088,756,752,600,596
33,330,8385920,8257536,8379144,300936,270336,293096,364999,270336,357159,2088,756,752,600,596
34,340,8385920,8257536,8379144,300936,270336,293096,364999,270336,357159,2088,756,752,600,596
35,350,8385920,8257536,8379144,300936,270336,293096,364999,270336,357159,2088,756,752,600,596
36,360,8385920,8257536,8379144,300936,270336,293096,364999,270336,357159,2088,756,752,600,596
37,370,8385920,8257536,8379144,300936,270336,293096,364999,270336,357159,2088,756,752,600,596
38,380,8385920,8257536,8379144,300936,270336,293096,364999,270336,357159,2088,756,752,600,596
39,390,8385920,8257536,8379144,300936,270336,293096,364999,270336,357159,2088,756,752,600,596
40,400,8385920,8257536,8379144,300936,270336,293096,364999,270336,357159,2088,756,752,600,596
41,410,8385920,8257536,8379144,300936,270336,293096,364999,270336,357159,2088,756,752,600,596
42,420,8385920,8257536,8379144,300936,270336,293096,364999,270336,357159,2088,756,752,600,596
43,430,8385920,8257536,8379144,300936,270336,293096,364999,270336,357159,2088,756,752,600,596
44,440,8385920,8257536,8379144,300936,270336,293096,364999,270336,357159,2088,756,752,600,596
45,450,8385920,8257536,8379144,300936,270336,293096,364999,270336,357159,2088,756,752,600,596
46,460,8385920,8257536,8379144,300936,270336,293096,364999,270336,357159,2088,756,752,600,596
47,470,8385920,8257536,8379144,300936,270336,293096,364999,270336,357159,2088,756,752,600,596
48,480,8385920,8257536,8379144,300936,270336,293096,364999,270336,357159,2088,756,752,600,596
49,490,8385920,8257536,8379144,300936,270336,293096,364999,270336,357159,2088,756,752,600,596
50,500,8385920,8257536,8379144,300936,270336,293096,364999,270336,357159,2088,756,752,600,596
51,510,8385920,8257536,8379144,300936,270336,293096,364999,270336,357159,2088,756,752,600,596
52,520,8385920,8257536,8379144,300936,270336,293096,364999,270336,357159,2088,756,752,600,596
53,530,8385920,8257536,8379144,300936,270336,293096,364999,270336,357159,2088,756,752,600,596
54,540,8385920,8257536,8379144,300936,270336,293096,364999,270336,357159,2088,756,752,600,596
55,550,8385920,8257536,8379144,300936,270336,293096,364999,270336,357159,2088,756,752,600,596
56,560,8385920,8257536,8379144,300936,270336,293096,364999,270336,357159,2088,756,752,600,596
57,570,8385920,8257536,8379144,300936,270336,293096,364999,270336,357159,2088,756,752,600,596
58,580,8385920,8257536,8379144,300936,270336,293096,364999,270336,357159,2088,756,752,600,596
59,590,8385920,8257536,8379144,300936,270336,293096,364999,270336,357159,2088,756,752,600,596
60,600,8385920,8257536,8379144,300936,270336,293096,364999,270336,357159,2088,756,752,600,596
61,610,8385920,8257536,8379144,300936,270336,293096,364999,270336,357159,2088,756,752,600,596
62,620,8385920,8257536,8379144,300936,270336,293096,364999,270336,357159,2088,756,752,600,596
63,630,8385920,8257536,8379144,300936,270336,293096,364999,270336,357159,2088,756,752,600,596
64,640,8385920,8257536,8379144,300936,270336,293096,364999,270336,357159,2088,756,752,600,596
65,650,8385920,8257536,8379144,300936,270336,293096,364999,270336,357159,2088,756,752,600,596
66,660,8385920,8257536,8379144,300936,270336,293096,364999,270336,357159,2088,756,752,600,596
67,670,8385920,8257536,8379144,300936,270336,293096,364999,270336,357159,2088,756,752,600,596
68,680,8385920,8257536,8379144,300936,270336,293096,364999,270336,357159,2088,756,752,600,596
69,690,8385920,8257536,8379144,300936,270336,293096,364999,270336,357159,2088,756,752,600,596
70,700,8385920,8257536,8379144,300936,270336,293096,364999,270336,357159,2088,756,752,600,596
71,710,8385920,8257536,8379144,300936,270336,293096,364999,270336,357159,2088,756,752,600,596
72,720,8385920,8257536,8379144,300936,270336,293096,364999,270336,357159,2088,756,752,600,596
73,730,8385920,8257536,8379144,300936,270336,293096,364999,270336,357159,2088,756,752,600,596
74,740,8385920,8257536,8379144,300936,270336,293096,364999,270336,357159,2088,756,752,600,596
75,750,8385920,8257536,8379144,300936,270336,293096,364999,270336,357159,2088,756,752,600,596
76,760,8385920,8257536,8379144,300936,270336,293096,364999,270336,357159,2088,756,752,600,596
77,770,8385920,8257536,8379144,300936,270336,293096,364999,270336,357159,2088,756,752,600,596
78,780,8385920,8257536,8379144,300936,270336,293096,364999,270336,357159,2088,756,752,600,596
79,790,8385920,8257536,8379144,300936,270336,293096,364999,270336,357159,2088,756,752,600,596
80,800,8385920,8257536,8379144,300936,270336,293096,364999,270336,357159,2088,756,752,600,596
81,810,8385920,8257536,8379144,300936,270336,293096,364999,270336,357159,2088,756,752,600,596
82,820,8385920,8257536,8379144,300936,270336,293096,364999,270336,357159,2088,756,752,600,596
83,830,8385920,8257536,8379144,300936,270336,293096,364999,270336,357159,2088,756,752,600,596
84,840,8385920,8257536,8379144,300936,270336,293096,364999,270336,357159,2088,756,752,600,596
85,850,8385920,8257536,8379144,300936,270336,293096,364999,270336,357159,2088,756,752,600,596
86,860,8385920,8257536,8379144,300936,270336,293096,364999,270336,357159,2088,756,752,600,596
87,870,8385920,8257536,8379144,300936,270336,293096,364999,270336,357159,2088,756,752,600,596
88,880,8385920,8257536,8379144,300936,270336,293096,364999,270336,357159,2088,756,752,600,596
89,890,8385920,8257536,8379144,300936,270336,293096,364999,270336,357159,2088,756,752,600,596
90,900,8385920,8257536,8379144,300936,270336,293096,364999,270336,357159,2088,756,752,600,596
91,910,8385920,8257536,8379144,300936,270336,293096,364999,270336,357159,2088,756,752,600,596
92,920,8385920,8257536,8379144,300936,270336,293096,364999,270336,357159,2088,756,752,600,596
93,930,8385920,8257536,8379144,300936,270336,293096,364999,270336,357159,2088,756,752,600,596
94,940,8385920,8257536,8379144,300936,270336,293096,364999,270336,357159,2088,756,752,600,596
95,950,8385920,8257536,8379144,300936,270336,293096,364999,270336,357159,2088,756,752,600,596
96,960,8385920,8257536,8379144,300936,270336,293096,364999,270336,357159,2088,756,752,600,596
97,970,8385920,8257536,8379144,300936,270336,293096,364999,270336,357159,2088,756,752,600,596
98,980,8385920,8257536,8379144,300936,270336,293096,364999,270336,357159,2088,756,752,600,596
99,990,8385920,8257536,8379144,300936,270336,293096,364999,270336,357159,2088,756,752,600,596
100,1000,8385920,8257536,8379144,300936,270336,293096,364999,270336,357159,2088,756,752,600,596
